{"cameraMode":{"drawMode":0,"name":"Shaded","section":"Shading Mode"},"sceneLighting":true,"audioPlay":false,"sceneViewState":{"showFog":true,"showMaterialUpdate":false,"showSkybox":true,"showFlares":true,"showImageEffects":true,"showParticleSystems":true},"in2DMode":false,"pivot":{"x":523.1729125976563,"y":-272.4158630371094,"z":261.444580078125},"rotation":{"x":-0.18372726440429688,"y":-0.5140026807785034,"z":0.11375674605369568,"w":-0.8301350474357605},"size":325.42919921875,"orthographic":false}