{"cameraMode":{"drawMode":0,"name":"Shaded","section":"Shading Mode"},"sceneLighting":true,"audioPlay":false,"sceneViewState":{"showFog":true,"showMaterialUpdate":false,"showSkybox":true,"showFlares":true,"showImageEffects":true,"showParticleSystems":true},"in2DMode":false,"pivot":{"x":70.7995376586914,"y":-1089.8118896484375,"z":1104.6654052734375},"rotation":{"x":0.37200629711151125,"y":0.025050019845366479,"z":-0.010053684934973717,"w":0.9278535842895508},"size":809.36767578125,"orthographic":false}